username,profile_url
3.3amm,https://www.instagram.com/3.3amm/
tanin_intorn_,https://www.instagram.com/tanin_intorn_/
ntpintp,https://www.instagram.com/ntpintp/
vicky_s._devanikorn,https://www.instagram.com/vicky_s._devanikorn/
saranya_19.yl,https://www.instagram.com/saranya_19.yl/
rapeeiscamel,https://www.instagram.com/rapeeiscamel/
mektharaphong,https://www.instagram.com/mektharaphong/
chif_fonn,https://www.instagram.com/chif_fonn/
eco.bubble.88,https://www.instagram.com/eco.bubble.88/
dyvas,https://www.instagram.com/dyvas/
pimmy.hat,https://www.instagram.com/pimmy.hat/
